"","baseMean","log2FoldChange","lfcSE","stat","pvalue","padj","ensembl","entrez","go_id","uniprotswissprot"
"YPL249C-A",26886.9171378843,-0.397230175400929,0.163968895170485,-2.42259469387723,0.0154101089471243,0.0341935750767037,"YPL249C-A",855826,"GO:0005840","O14455"
"YOL086C",50467.6710558935,0.377954623711216,0.111061429612911,3.40311325928835,0.000666226571888151,0.00232825158778672,"YOL086C",854068,"GO:0019170","P00330"
"YJL052W",36231.6918948769,-0.443298576942793,0.112577290785115,-3.93772646198203,8.22572873388816e-05,0.000370573233870113,"YJL052W",853395,"GO:0004365","P00360"
"YER055C",4396.94005299873,0.610621079748524,0.11589859095093,5.26858070265111,1.374825977688e-07,8.8865563195485e-07,"YER055C",856782,"GO:0000105","P00498"
"YPL111W",1349.2692122783,0.956143588959172,0.166156973417842,5.75445958897382,8.69193936532162e-09,6.15334120148165e-08,"YPL111W",855993,"GO:0004053","P00812"
"YCL030C",7188.19527387808,1.547846593993,0.113748292901647,13.6076468007424,3.60670808856375e-42,1.34049317291619e-40,"YCL030C",850327,"GO:0004635","P00815"
"YJR121W",15019.1392617117,-0.221083082340335,0.100060369092551,-2.20949697013255,0.0271400929213346,0.0550203701950692,"YJR121W",853585,"GO:1902600","P00830"
"YER090W",3122.32883995833,0.696482117165802,0.0852025030342427,8.17443258545922,2.97261479425964e-16,3.89937117129353e-15,"YER090W",856824,"GO:0004049","P00899"
"YER086W",4733.2881582889,0.624567563537344,0.0874120638584129,7.14509572213051,8.99331971757697e-13,8.53408637029644e-12,"YER086W",856819,"GO:0004794","P00927"
"YGL026C",2970.65209350498,0.933314265138627,0.0979188729193587,9.53150539127692,1.55018742384018e-21,2.88076496263634e-20,"YGL026C",852858,"GO:0004834","P00931"
"YBR009C",9693.19670664564,-0.39321193123973,0.145320235249389,-2.70583054427986,0.00681338035126483,0.0176672537015356,"YBR009C",852294,"GO:0000786","P02309"
"YNL030W",9693.19670664564,-0.39321193123973,0.145320235249389,-2.70583054427986,0.00681338035126483,0.0176672537015356,"YNL030W",852294,"GO:0000786","P02309"
"YDR382W",11986.2883014716,-0.856373539379206,0.0981241418797532,-8.72744997279725,2.60479016349675e-18,3.87245470973184e-17,"YDR382W",851990,"GO:0006414","P02400"
"YFL037W",3358.9555121744,-0.251800336638393,0.13006405920655,-1.93597169098435,0.0528711682407252,0.0974402522122456,"YFL037W",850506,"GO:0090316","P02557"
"YOR187W",3161.44668274938,-0.37162269393494,0.151441678837183,-2.45389972422637,0.0141316382131055,0.0319934550408378,"YOR187W",854359,"GO:0006414","P02992"
"YJR109C",3308.68142706054,1.44463437192576,0.129091089716115,11.1908139833869,4.52262556463146e-29,1.12060611212535e-27,"YJR109C",853573,"GO:0005951","P03965"
"YGL187C",4576.29691085636,-0.615886827130831,0.080675234007446,-7.63414986901664,2.27315363906387e-14,2.53456630755621e-13,"YGL187C",852688,"GO:0042776","P04037"
"YMR300C",1795.61607640039,0.716912299753516,0.121665842887724,5.89246975763854,3.80465743449897e-09,2.78176592751892e-08,"YMR300C",855346,"GO:0004044","P04046"
"YHR018C",6007.97327395951,1.42004118752895,0.13037083814484,10.8923222994954,1.25401125863934e-27,2.79644510676572e-26,"YHR018C",856411,"GO:0042450","P04076"
"YER165W",14023.5327621207,-0.389729609392251,0.0727230893554097,-5.35909039132782,8.36420012836673e-08,5.48593126066406e-07,"YER165W",856912,"GO:0034236","P04147"
"YLL018C",6093.17864398942,0.266489288288635,0.136028608868789,1.9590679527252,0.0501048292930519,0.0935010621954023,"YLL018C",850643,"GO:0006418","P04802"
"YFR053C",5702.92535979766,-0.960654603203573,0.126022154655132,-7.62290254306844,2.48034146752909e-14,2.69812754760482e-13,"YFR053C",850614,"GO:0004396","P04806"
"YNL055C",27470.862563466,0.600363882214153,0.0823352876528267,7.29169593413744,3.06077342121242e-13,3.10251124059259e-12,"YNL055C",855669,"GO:0008308","P04840"
"YLR340W",31865.210933817,-0.293829814169585,0.119081246109722,-2.46747345840544,0.0136070308531423,0.0311945804207219,"YLR340W",851052,"GO:0070180","P05317"
"YOL039W",3974.60901218676,-0.660842191188141,0.167993711427507,-3.93373171872157,8.3637132287149e-05,0.000373021610000685,"YOL039W",854118,"GO:0006414","P05319"
"YJR073C",3883.97004631938,-0.599700450372946,0.177526538089395,-3.37808902729214,0.000729914456450949,0.00250416805828556,"YJR073C",853536,"GO:0080101","P05375"
"YGL147C",28322.3499229416,-0.685383471940944,0.0949363648166373,-7.21939873371718,5.22179366913877e-13,5.17537772541309e-12,"YGL147C",852730,"GO:0005840","P05738"
"YLR448W",15733.8177625211,-0.5136557452874,0.0908083363301608,-5.65648227955473,1.54506922730228e-08,1.07672011777627e-07,"YLR448W",851169,"GO:0005840","P05739"
"YLR029C",50161.4394952414,-0.396282075354753,0.124976817252487,-3.17084467396986,0.00151996393158116,0.00467519940334618,"YLR029C",850716,"GO:0005840","P05748"
"YDR064W",34500.8857513315,-0.34888777013201,0.176716860006718,-1.97427551688474,0.0483504232343501,0.09098856017941,"YDR064W",851636,"GO:0070181","P05756"
"YLR167W",34236.5869038434,-0.459366620913315,0.141717349587429,-3.24142825314355,0.00118932367621662,0.00378884542566153,"YLR167W",850864,"GO:0002109","P05759"
"YOR361C",2563.98918819479,-0.362070607557068,0.166729254367736,-2.17160814957217,0.0298852317954123,0.0595036311640798,"YOR361C",854543,"GO:0002183","P06103"
"YLR355C",28110.0209996087,0.919661471621585,0.182498380628572,5.0392856553249,4.67272620570819e-07,2.83207741260525e-06,"YLR355C",851069,"GO:0004455","P06168"
"YNL104C",6675.18502374769,2.61543142259978,0.0915001128019716,28.583914735277,1.06479804419408e-179,1.5829997590352e-177,"YNL104C",855619,"GO:0019752","P06208"
"YOR204W",6882.41734104835,-0.366292000394422,0.105166945108924,-3.482957501666,0.000495907081566919,0.00189411773456715,"YOR204W",854379,"GO:0033592","P06634"
"YKL182W",6110.34876484382,0.803844654123759,0.21764559203935,3.69336519334803,0.000221305851099977,0.000922452426080278,"YKL182W",853653,"GO:0047451","P07149"
"YIL116W",2331.27331487939,1.89181986998744,0.209674141877985,9.02266656747948,1.83565606687414e-19,2.92393787794952e-18,"YIL116W",854690,"GO:0003824","P07172"
"YGL234W",2205.72363787306,0.25624497696638,0.105716674009673,2.42388421095177,0.0153555005682894,0.0341935750767037,"YGL234W",852617,"GO:0004637","P07244"
"YGR204W",6177.08963642425,0.825668011128323,0.128933938600628,6.40380663221517,1.51550031044192e-10,1.2289329790129e-09,"YGR204W",853118,"GO:0006760","P07245"
"YMR083W",4130.05367776266,1.29269300404004,0.0952791380480804,13.5674296653242,6.24746612954687e-42,2.14336145675224e-40,"YMR083W",855107,"GO:0006113","P07246"
"YBL099W",6938.98809684782,-0.264996701765301,0.0843423929214401,-3.14191585733321,0.00167846264013722,0.00509247848640272,"YBL099W",852177,"GO:1902600","P07251"
"YPR191W",3742.85522426581,-0.360152655087978,0.0818999016621973,-4.39747359616446,1.0951820276445e-05,5.61438142907409e-05,"YPR191W",856321,"GO:0030061","P07257"
"YJL130C",2141.66772967282,0.480837441870865,0.237586337491441,2.02384298250394,0.0429863100943068,0.0822828081633512,"YJL130C",853311,"GO:0016743","P07259"
"YOR375C",5667.99123468501,-1.19627450279533,0.102994754187341,-11.6149071108941,3.46164389537528e-31,9.64933235835858e-30,"YOR375C",854557,"GO:0016639","P07262"
"YGL009C",15149.7785086476,3.29799019927234,0.0957403079924738,34.4472486920723,4.95100953368012e-260,2.20815025202133e-257,"YGL009C",852875,"GO:0003861","P07264"
"YPL154C",8325.39497692344,0.409210948895996,0.151495451435718,2.70114346680323,0.00691015237635858,0.0178146124847163,"YPL154C",855949,"GO:0070492","P07267"
"YFL045C",6808.51955106508,-0.621555387336574,0.0936324783467568,-6.63824559929641,3.17438634558133e-11,2.7226467502486e-10,"YFL045C",850499,"GO:0019853","P07283"
"YMR108W",8108.69629640217,2.23430518116272,0.11131562465501,20.0718020321702,1.30197278350957e-89,9.6779976907545e-88,"YMR108W",855135,"GO:0003824","P07342"
"YGR094W",2734.99804105283,0.561332080811858,0.118569151724876,4.73421689069982,2.19902478307398e-06,1.25739109391153e-05,"YGR094W",852986,"GO:0006418","P07806"
"YDR127W",1730.82969731571,0.952083205411652,0.202239792971371,4.70769471933957,2.50533923912302e-06,1.39672662581109e-05,"YDR127W",851705,"GO:0003866","P08566"
"YPL237W",3639.05216967103,-0.467984495163802,0.119183475135161,-3.92658877107819,8.61591024035062e-05,0.000380464947247166,"YPL237W",855838,"GO:0005850","P09064"
"YBL076C",2694.14180419616,0.520167320191436,0.113966172109705,4.56422559924816,5.01341453228472e-06,2.69395527879396e-05,"YBL076C",852202,"GO:0006418","P09436"
"YML085C",4738.71761675661,-0.429364285909426,0.179864356810529,-2.38715604093658,0.0169792828099158,0.0371213732020709,"YML085C",854889,"GO:0005827","P09733"
"YLL024C",44489.9657663942,-0.341038225667351,0.127351899619399,-2.67792020917294,0.00740808635938268,0.0189885431970384,"YLL024C",850636,"GO:0035719","P10592"
"YER052C",4897.76497165815,1.11361319195147,0.1725235728326,6.4548465677326,1.08328599150087e-10,9.11595381527146e-10,"YER052C",856778,"GO:0004072","P10869"
"YNL241C",6317.36971800583,0.43013461264351,0.0927755286930289,4.63629384497197,3.54711621303371e-06,1.95310349507782e-05,"YNL241C",855480,"GO:0050661","P11412"
"YDL229W",75059.5557342423,-0.443501243826519,0.117244604646515,-3.78270066382712,0.000155135937161409,0.000658958361657032,"YDL229W",851369,"GO:0006452","P11484"
"YDR212W",1507.52896222779,-0.63919356748814,0.280417434869703,-2.27943589807511,0.0226411664163699,0.0472663743202063,"YDR212W",851798,"GO:0005832","P12612"
"YDR158W",8848.07464593662,1.44723955793033,0.177771302424329,8.14101904072152,3.91964738696045e-16,4.99475067024103e-15,"YDR158W",851736,"GO:0009090","P13663"
"YOR063W",26004.6729371348,-0.400414289793081,0.112586544127714,-3.55650218145845,0.000375825361069578,0.00152380100942756,"YOR063W",854229,"GO:0005840","P14126"
"YDR035W",4388.89676722513,1.19052229787768,0.154159073699486,7.72268715235312,1.1390249864957e-14,1.33685564204495e-13,"YDR035W",851605,"GO:0003824","P14843"
"YPL117C",4072.31357377513,0.437710025538877,0.161302663020692,2.71359453924655,0.00665575739253884,0.0174888280434397,"YPL117C",855986,"GO:0008299","P15496"
"YBR088C",2586.60954015551,-0.377033693065969,0.150768740551534,-2.5007418095205,0.0123933494324087,0.028788717952366,"YBR088C",852385,"GO:0006275","P15873"
"YCR088W",2728.40399665995,0.433219419402811,0.122607790465079,3.53337596052839,0.000410288565933503,0.00163382768219948,"YCR088W",850450,"GO:0044379","P15891"
"YCR053W",7977.70327987625,0.539946396202916,0.105938307528141,5.09680028689798,3.45442420304155e-07,2.16996224585427e-06,"YCR053W",850420,"GO:0004795","P16120"
"YBR127C",8587.16395467462,-0.383977211003642,0.0966668229758487,-3.97217162189736,7.12203770892509e-05,0.000324125389610264,"YBR127C",852424,"GO:1902600","P16140"
"YER178W",4432.94485845572,0.467071526014564,0.0790289883952823,5.91012912475097,3.41839664140546e-09,2.54100817011139e-08,"YER178W",856925,"GO:0004739","P16387"
"YLR249W",14630.6668148563,-0.312979228562067,0.090846076505268,-3.44515955561293,0.000570722396326519,0.00208641138329203,"YLR249W",850951,"GO:0042788","P16521"
"YKL085W",4476.3885832113,-0.391154965051283,0.11259862730357,-3.47388751016222,0.000512976043693116,0.00190656096239275,"YKL085W",853777,"GO:0019752","P17505"
"YCL043C",4835.79528183619,-0.32472862521388,0.148563708971028,-2.18578700991645,0.0288311915771843,0.0579221236190279,"YCL043C",850314,"GO:0005788","P17967"
"YBL030C",9199.32380970426,-0.354480213795067,0.104431490915407,-3.39438047554264,0.000687840577441782,0.00237811548479872,"YBL030C",852250,"GO:0015866","P18239"
"YHR128W",5548.5448475998,-0.539208481373538,0.203262944085781,-2.65276331501909,0.00798358306436723,0.0203467316954731,"YHR128W",856529,"GO:0004845","P18562"
"YPL231W",3991.72220990012,1.02868637111705,0.190303354603906,5.40550834355045,6.462484228588e-08,4.30189248649291e-07,"YPL231W",855845,"GO:0042759","P19097"
"YDR502C",12383.4062472476,-0.430459168377137,0.101782290477662,-4.22921479126676,2.34508369562011e-05,0.000114934871235887,"YDR502C",852113,"GO:0004478","P19358"
"YLR304C",4229.35251993285,-0.433440452750659,0.152408466724338,-2.84393946128089,0.00445595133784537,0.0123128148602742,"YLR304C",851013,"GO:0003994","P19414"
"YLR259C",8352.37487433518,-0.173230444129008,0.0762738829829794,-2.2711633045831,0.023137093923617,0.0479960180927125,"YLR259C",850963,"GO:0008637","P19882"
"YOR362C",3324.91623416807,0.208738623511572,0.0946485953712164,2.20540645841483,0.0274255852524686,0.0553475611882398,"YOR362C",854544,"GO:0005839","P21242"
"YDL066W",9742.45584852075,0.903995632176487,0.133172944522157,6.7881327954424,1.13594071786365e-11,9.93391294445469e-11,"YDL066W",851493,"GO:0004450","P21954"
"YMR307W",4790.28832287201,-0.349342886036173,0.112891246260319,-3.09450818915235,0.00197139492349456,0.00590095393207096,"YMR307W",855355,"GO:0006342","P22146"
"YOR332W",7419.36731699606,-0.26844316283994,0.113234586383481,-2.37068170965741,0.0177553139093757,0.0384411165222405,"YOR332W",854509,"GO:0015991","P22203"
"YOL058W",9945.95636137346,1.82594958281015,0.174835848031115,10.4437940123423,1.56430929699578e-25,3.32229498314342e-24,"YOL058W",854096,"GO:0000053","P22768"
"YGR209C",35322.7746173898,0.329463749569274,0.1284221364606,2.56547475886567,0.010303471763681,0.0249747196010964,"YGR209C",853123,"GO:0047134","P22803"
"YHL021C",2708.48223952394,1.25177667158508,0.114736721928101,10.9099915924868,1.03265898811084e-27,2.42403109840755e-26,"YHL021C",856365,"GO:0051213","P23180"
"YML063W",35657.2785289195,-0.463726890521453,0.098085997178014,-4.72775833312726,2.27012145184656e-06,1.28161287028299e-05,"YML063W",854939,"GO:0005840","P23248"
"YEL034W",49401.9754489469,-0.3826616386937,0.0923957028367826,-4.14155233355033,3.4496313971325e-05,0.000167232130774032,"YEL034W",856677,"GO:1903272","P23301"
"YLR027C",5875.80294089525,0.826237699831204,0.0814941642514019,10.1386118554739,3.72353003177549e-24,7.2204104094429e-23,"YLR027C",850714,"GO:0008483","P23542"
"YLR300W",2632.79184984529,-1.18809831386111,0.134638060460749,-8.82438672835363,1.10061269298815e-18,1.69266641749213e-17,"YLR300W",851007,"GO:0004338","P23776"
"YGR148C",26950.9085486254,-0.355869496261589,0.111306355417802,-3.19720733758455,0.00138765144200503,0.00429786488287668,"YGR148C",853051,"GO:1902626","P24000"
"YNL112W",3198.23711863101,-0.428319599892079,0.109598709179622,-3.90807157400097,9.3035747481258e-05,0.000406803366437658,"YNL112W",855611,"GO:1990120","P24783"
"YML008C",7489.11604807034,0.401760555801626,0.10963912456281,3.66439040263829,0.000247928373451709,0.00102385235703206,"YML008C",855003,"GO:0003838","P25087"
"YKR048C",5878.83521053386,-0.26754833841568,0.103903527503901,-2.57496877000288,0.0100249137864034,0.0245665469710764,"YKR048C",853922,"GO:2000617","P25293"
"YNL007C",5567.79190603347,0.335164868419807,0.161561166841218,2.07453854767716,0.0380293225984806,0.0743906924514139,"YNL007C",855725,"GO:0051787","P25294"
"YGL123W",27051.3017710714,-0.289917359847208,0.117535518080405,-2.46663616736584,0.0136388860583874,0.0311945804207219,"YGL123W",852754,"GO:0015935","P25443"
"YCL011C",1487.82001300685,-0.314919960346959,0.110999344222435,-2.83713352140064,0.00455205712481515,0.0124553219488807,"YCL011C",850346,"GO:0071028","P25555"
"YCL037C",4387.41931247869,-0.370183627875669,0.115713178288544,-3.19914838872176,0.0013783420460998,0.00429786488287668,"YCL037C",850320,"GO:0005844","P25567"
"YCL009C",7119.21273392867,0.828868760538122,0.359922595312392,2.30290837900497,0.0212839986247764,0.0449889260030819,"YCL009C",850348,"GO:0003984","P25605"
"YPL131W",39529.7564878793,-0.364783001970636,0.138086785131957,-2.64169378425348,0.00824926011090233,0.0209043750537639,"YPL131W",855972,"GO:0008097","P26321"
"YPL160W",3913.29419665408,0.367735107653517,0.122624176500315,2.99887932501282,0.00270974610126947,0.00784770624133885,"YPL160W",855943,"GO:0006418","P26637"
"YIL133C",14596.7325447719,-0.298649723164103,0.142168292461473,-2.10067742949811,0.0356692919269355,0.0700815162969746,"YIL133C",854673,"GO:0015934","P26784"
"YNL069C",24099.3306680004,-0.473162309348459,0.143879422654469,-3.28860305816471,0.00100685914906799,0.00323064158621815,"YNL069C",855655,"GO:0015934","P26785"
"YOR096W",33589.9027505497,-0.41158936514014,0.156402935161247,-2.63159616995552,0.00849848110574655,0.0212939470402413,"YOR096W",854263,"GO:0005840","P26786"
"YGR159C",6455.20134476763,-0.429845365372234,0.123892241094747,-3.46950996748464,0.000521408720197979,0.00192188668767189,"YGR159C",853064,"GO:0000028","P27476"
"YAR015W",1977.81333537104,0.555613471478837,0.157964810147683,3.51732433925879,0.000435920772445791,0.00170544442553353,"YAR015W",851272,"GO:0004639","P27616"
"YDR483W",1825.4582421699,-0.516736666929031,0.183259728428261,-2.81969569288822,0.00480692108559649,0.0130724805132685,"YDR483W",852094,"GO:0000026","P27809"
"YHR089C",2634.36778356168,-0.456432163500734,0.182487185023878,-2.50117378620866,0.012378242022301,0.028788717952366,"YHR089C",856489,"GO:0034513","P28007"
"YOR136W",2227.51942661593,0.352648240616112,0.105577699559619,3.34017734888203,0.000837249048736671,0.00278666474430265,"YOR136W",854303,"GO:0005962","P28241"
"YGL148W",6855.78611758621,0.477020006873259,0.118066105158303,4.04027901347021,5.33876493149534e-05,0.00025330735738797,"YGL148W",852729,"GO:0004107","P28777"
"YNL037C",3795.38226324604,0.883234479311134,0.175307064076101,5.03821385616109,4.6989625231567e-07,2.83207741260525e-06,"YNL037C",855691,"GO:0005962","P28834"
"YER003C",2434.35139689468,-0.335556853583512,0.115723153357795,-2.8996518315227,0.0037357736622496,0.0105452851478691,"YER003C",856720,"GO:0004476","P29952"
"YOR317W",4444.61312491454,-0.435504855088097,0.143235581671392,-3.04047953732072,0.00236201741355159,0.00697655474466232,"YOR317W",854495,"GO:0044539","P30624"
"YLL026W",3419.37917019821,0.419997761093887,0.104382389348412,4.0236457865704,5.73040839570534e-05,0.000269027594156272,"YLL026W",850633,"GO:0001319","P31539"
"YNL287W",872.647389495999,-0.298689005791635,0.118192188983458,-2.52714674599554,0.011499344289071,0.0272803593240726,"YNL287W",855429,"GO:0030126","P32074"
"YOL064C",995.360587813868,1.73912353441949,0.208405176171977,8.34491525769183,7.12649671711233e-17,9.93255479947531e-16,"YOL064C",854090,"GO:0008441","P32179"
"YER023W",3937.34085564153,-0.323867330835086,0.105458844261592,-3.0710305342597,0.00213321334534514,0.00634275434682621,"YER023W",856744,"GO:0006561","P32263"
"YKL120W",5508.96716966843,2.9254177450232,0.110991003034765,26.3572511738351,4.23848296642188e-153,3.78072680604832e-151,"YKL120W",853739,"GO:0034658","P32332"
"YBR249C",13190.0977676468,1.11282107957572,0.097614648419468,11.40014431844,4.17426537361753e-30,1.09513079801966e-28,"YBR249C",852551,"GO:0003824","P32449"
"YAL003W",26402.6486593368,-0.546458385786855,0.15995136642094,-3.41640336068623,0.000634541813246983,0.00226404518966523,"YAL003W",851260,"GO:0032232","P32471"
"YBR221C",21151.3553503657,0.422731574943167,0.105383917270486,4.01134808699657,6.03730193639521e-05,0.000280482985795027,"YBR221C",852522,"GO:0003824","P32473"
"YGR175C",6476.77845096543,1.01257206981335,0.172976513437213,5.8538124609668,4.80430350375849e-09,3.45599897205853e-08,"YGR175C",853086,"GO:0004506","P32476"
"YER025W",3478.38652412936,-0.34036936760273,0.13348303364429,-2.54990734260473,0.0107751552389128,0.0258372001965329,"YER025W",856746,"GO:0005850","P32481"
"YGR285C",5023.52064642839,-0.385493339093211,0.0893852862849203,-4.31271582958778,1.61261332170187e-05,7.99139490532258e-05,"YGR285C",853202,"GO:0071409","P32527"
"YGR155W",9203.42040688801,-0.201234193045788,0.0903079104139234,-2.22831191778702,0.0258597221587198,0.0531494750358941,"YGR155W",853059,"GO:0004122","P32582"
"YEL047C",4475.64341294983,0.465021767767059,0.154849456528158,3.00305715107562,0.00267282232834389,0.00779136443425734,"YEL047C",856664,"GO:0071454","P32614"
"YEL037C",2701.71855541635,-0.296705554720204,0.115584548860256,-2.56700015396458,0.0102582566870834,0.0249747196010964,"YEL037C",856674,"GO:0006517","P32628"
"YGL200C",2372.22351285287,-0.431664282618249,0.204672238315755,-2.10905145793297,0.0349401401934671,0.0689526660455148,"YGL200C",852675,"GO:0016050","P32803"
"YKL035W",6635.13666151921,-0.45708192778742,0.0996628103246867,-4.58628375317046,4.51205276962374e-06,2.45411650640511e-05,"YKL035W",853830,"GO:0070569","P32861"
"YKL181W",2291.09305440433,-0.213733653432573,0.108222823626143,-1.97494064811058,0.0482748838237817,0.09098856017941,"YKL181W",853654,"GO:0006015","P32895"
"YLR175W",3102.06790145498,-0.382333914768658,0.099121431073268,-3.85722755037755,0.000114680392864671,0.000491802454015801,"YLR175W",850872,"GO:0000495","P33322"
"YOR184W",7790.35526146455,1.23274781746943,0.200383749043753,6.15193509130455,7.65432061691037e-10,5.88590861231383e-09,"YOR184W",854356,"GO:0009070","P33330"
"YBR248C",1556.17735395331,1.08975885640908,0.116912309638383,9.32116438191819,1.15070457033092e-20,1.97390091679842e-19,"YBR248C",852550,"GO:0016833","P33734"
"YBL064C",1688.39943997595,0.650326622106493,0.132560175978946,4.90589739568377,9.30011352222734e-07,5.38681900118623e-06,"YBL064C",852215,"GO:0016209","P34227"
"YKL056C",35455.0525395812,-0.280710309887418,0.112594647974439,-2.49310526687863,0.0126631297623027,0.0292629838030415,"YKL056C",853809,"GO:0030154","P35691"
"YKL142W",1879.89324477579,0.510614481030335,0.224072354028802,2.2787928624372,0.0226793814002784,0.0472663743202063,"YKL142W",853715,"GO:0005737","P35719"
"YKL081W",15519.1207205075,-0.534541987286258,0.151207866419864,-3.53514668213079,0.00040754885879118,0.00163382768219948,"YKL081W",853781,"GO:0005853","P36008"
"YKL077W",1315.42960370979,0.303230802356142,0.139287469624048,2.17701422227423,0.0294795063065396,0.0589590126130791,"YKL077W",853785,"","P36081"
"YLR058C",8935.49437221549,0.729123132702867,0.0840812648209674,8.67164800928453,4.25910533231672e-18,6.12761605875244e-17,"YLR058C",850747,"GO:0019264","P37291"
"YEL046C",5481.09926619486,0.712156082157242,0.116760628520961,6.09928270495218,1.06545488451932e-09,8.05411658467148e-09,"YEL046C",856665,"GO:0006545","P37303"
"YMR120C",2155.28426183102,0.714650529095045,0.100400912706007,7.1179684510207,1.09529433079749e-12,1.017710982366e-11,"YMR120C",855149,"GO:0003824","P38009"
"YMR116C",18201.74111035,-0.468350923729443,0.105842477834098,-4.42498071958932,9.64508970406619e-06,5.06083530354532e-05,"YMR116C",855143,"GO:2001125","P38011"
"YBL092W",15524.1807776975,-0.307550296571861,0.116824181266167,-2.63259107180176,0.00847363019099986,0.0212939470402413,"YBL092W",852185,"GO:0005840","P38061"
"YBR035C",2910.12460246125,1.15567509609228,0.151031321120434,7.65189026699122,1.9804621047739e-14,2.26483615058758e-13,"YBR035C",852323,"GO:0048037","P38075"
"YBR106W",7920.56369920411,-0.387343447495648,0.117148314673684,-3.3064363629523,0.000944908108725575,0.00305383345283773,"YBR106W",852403,"GO:0006817","P38264"
"YBR177C",2555.70436791798,-0.408245182773627,0.15573887229024,-2.62134415621559,0.00875837959965888,0.021822554756692,"YBR177C",852476,"GO:0034319","P38295"
"YNL160W",5187.48249700583,0.648533800933231,0.144612163456926,4.48464213127136,7.30364094315258e-06,3.87788554838816e-05,"YNL160W",855562,"GO:0070726","P38616"
"YMR217W",5817.09507398404,-0.240371256431777,0.0796341579585352,-3.01844412741748,0.0025407624775551,0.00745513200651035,"YMR217W",855257,"GO:0003921","P38625"
"YHR183W",6363.96436655241,-0.196081128632182,0.07839436000077,-2.50121473828291,0.0123768106627304,0.028788717952366,"YHR183W",856589,"GO:0050661","P38720"
"YHR027C",2816.19320580035,-0.325756936874202,0.119898998978697,-2.7169279114005,0.00658909575978938,0.0174888280434397,"YHR027C",856422,"GO:0042176","P38764"
"YHR029C",4119.08065404942,2.64134143198674,0.205399076292806,12.8595584734831,7.60095899568464e-38,2.42144836576811e-36,"YHR029C",856424,"GO:0003824","P38765"
"YHR063C",2439.53783127586,0.709955585366709,0.0987579786910014,7.18884281327843,6.53427464928027e-13,6.33540542082391e-12,"YHR063C",856460,"GO:0008677","P38787"
"YHR064C",6469.66371082659,-0.292813006773818,0.0780792294745698,-3.75020359120201,0.000176691054436826,0.000743435946026644,"YHR064C",856461,"GO:0006452","P38788"
"YHR163W",3338.10756369428,-0.326532331418111,0.136106544345721,-2.39909354092992,0.0164357154879654,0.0361099956041013,"YHR163W",856568,"GO:0017057","P38858"
"YHR196W",29857.322850152,0.391131470343727,0.134999075378471,2.89728999437357,0.003764016463417,0.0105581845451823,"YHR196W",856603,"GO:0034455","P38882"
"YHR208W",7649.08486826311,2.63378165260557,0.0814722459019499,32.3273480858165,2.88813118278659e-229,6.4405325376141e-227,"YHR208W",856615,"GO:0003824","P38891"
"YGR061C",2442.33485582143,0.494889133187179,0.191317368496475,2.58674440839539,0.00968874306849086,0.0238739193842372,"YGR061C",852952,"GO:0004642","P38972"
"YDR321W",1810.72249917164,-0.793147600584631,0.235647731628844,-3.36581894976131,0.00076316781279629,0.00259443064589798,"YDR321W",851920,"GO:0005622","P38986"
"YDL198C",2862.23917022116,1.86507572080512,0.156121754299391,11.9462897991046,6.78889137511113e-33,2.01856370219971e-31,"YDL198C",851329,"GO:0022857","P38988"
"YJL014W",4734.64479421348,-0.470439978393577,0.13707499383166,-3.43198978342701,0.000599170129629515,0.00217260063264035,"YJL014W",853438,"GO:0005832","P39077"
"YDR188W",1759.08398655715,-0.358957585098555,0.140772156568355,-2.54991891755423,0.0107747975088533,0.0258372001965329,"YDR188W",851768,"GO:0005832","P39079"
"YDL160C",2940.98511942863,-0.442726302428089,0.138399285196726,-3.19890599000408,0.00137950144902728,0.00429786488287668,"YDL160C",851394,"GO:0098562","P39517"
"YJR016C",12614.0930494547,1.74820525380703,0.101244011644151,17.2672459873633,8.30103504480955e-67,5.28894518569294e-65,"YJR016C",853473,"GO:0004160","P39522"
"YGR234W",5069.82725228023,-0.440645878408625,0.179221921028492,-2.45866061405832,0.0139456381272162,0.0317334418609104,"YGR234W",853149,"GO:0071949","P39676"
"YFR030W",1131.57740552666,1.01407100311707,0.158131052198727,6.41285180245728,1.42822344559035e-10,1.17960677172833e-09,"YFR030W",850588,"GO:0009337","P39692"
"YGR162W",1207.19263783935,0.489691585497549,0.14061783241319,3.48242877232415,0.000496887387767616,0.00189411773456715,"YGR162W",853071,"GO:1900103","P39935"
"YEL071W",8547.38241128073,1.10299847064451,0.119559733529568,9.22550124596697,2.82237714286349e-20,4.66214891006339e-19,"YEL071W",856638,"GO:0019249","P39976"
"YEL030W",20776.9643750492,-0.228977516893554,0.0962674103549906,-2.37855693893903,0.0173805524387165,0.0378132994520368,"YEL030W",856682,"GO:0042645","P39987"
"YER036C",4833.94215674871,-0.543513753159347,0.0982110760467803,-5.53413907103979,3.12760749408171e-08,2.14601991132376e-07,"YER036C",856758,"GO:0042624","P40024"
"YER057C",2776.54354045503,0.646782916298603,0.185995422263895,3.47741309127991,0.000506277149700132,0.00190636524255603,"YER057C",856785,"GO:0005758","P40037"
"YER073W",4041.56802537852,2.70993635983721,0.101490363048916,26.7014155672207,4.5319726643672e-157,5.05314952076942e-155,"YER073W",856804,"GO:0016620","P40047"
"YER081W",4618.41297227976,1.09870757559627,0.133550966475435,8.22687850632935,1.92155183018029e-16,2.59700641291034e-15,"YER081W",856814,"GO:0061759","P40054"
"YER110C",5876.70668827715,-0.31153903789342,0.159172246414419,-1.95724471389503,0.0503187040728464,0.0935089250687062,"YER110C",856846,"GO:0006610","P40069"
"YER120W",4724.0407324465,-0.198186212232904,0.101893147163795,-1.94503965918648,0.0517702052850635,0.0958071018968395,"YER120W",856856,"GO:0033149","P40075"
"YER156C",2892.40182333921,-0.223089635640255,0.103184235523629,-2.16205154312713,0.0306142034770626,0.0606841544478663,"YER156C",856900,"","P40093"
"YER062C",4703.24241062537,0.602066404788885,0.0884897357394457,6.80379933059857,1.01895448385366e-11,9.27456530201491e-11,"YER062C",856791,"GO:0000121","P40106"
"YNL209W",19048.6241750345,-0.809825639146398,0.298489647691204,-2.71307780826016,0.00666614521835147,0.0174888280434397,"YNL209W",855512,"GO:0006452","P40150"
"YIL051C",6568.06010442391,0.665502185489413,0.129267629257576,5.14825087542487,2.62926687099258e-07,1.67521860637527e-06,"YIL051C",854760,"GO:0009097","P40185"
"YMR038C",2280.47312522586,0.500279550976173,0.211505618094758,2.36532511752023,0.0180142489777256,0.0388133093916214,"YMR038C",855054,"GO:0030001","P40202"
"YDL007W",1806.01457696292,-0.558540681422326,0.176778625479289,-3.15954872885786,0.00158013674316624,0.00482699306474071,"YDL007W",851557,"GO:0031503","P40327"
"YJR064W",3217.83651627731,-0.579541424499543,0.164354326356572,-3.52617078811913,0.000421614983500866,0.00166407329771138,"YJR064W",853527,"GO:0005832","P40413"
"YIL094C",3878.22748248787,0.548135725739833,0.111679406436385,4.90811818606916,9.19544384365288e-07,5.38681900118623e-06,"YIL094C",854714,"GO:0047046","P40495"
"YIL074C",2898.0269667417,0.548178848828352,0.124449097327265,4.4048439129036,1.05860072761307e-05,5.48995261064454e-05,"YIL074C",854736,"GO:0061759","P40510"
"YLR388W",11259.9077435765,-0.50803767506985,0.175650866432634,-2.89231522387448,0.00382414049984339,0.0106597916433134,"YLR388W",851104,"GO:0005840","P41057"
"YIL053W",24424.5577504062,0.893178591901385,0.181675374525843,4.91634374902214,8.81755136631337e-07,5.24350387916768e-06,"YIL053W",854758,"GO:0000121","P41277"
"YPL028W",10373.1770424212,0.48807099197042,0.140405221197074,3.47615984511971,0.000508649022116967,0.00190636524255603,"YPL028W",856079,"GO:0016747","P41338"
"YGL137W",2341.040982646,-0.484789817108146,0.185545850166532,-2.61277639285942,0.00898100405364651,0.0222529322662575,"YGL137W",852740,"GO:0030126","P41811"
"YDL055C",18034.7793687451,-0.716797092530094,0.115961173084767,-6.1813542711069,6.35540121008505e-10,4.97282270122445e-09,"YDL055C",851504,"GO:0004475","P41940"
"YJL111W",2564.71321887333,-0.489193463108767,0.139852431371542,-3.49792605184777,0.000468891122359532,0.00181848209193349,"YJL111W",853333,"GO:0005832","P42943"
"YFR010W",2536.42596846621,-0.254269920890138,0.0905894727473292,-2.80683740813178,0.00500304870145994,0.0135233922475826,"YFR010W",850562,"GO:0036459","P43593"
"YJL060W",1255.37736004145,0.568921507293208,0.129822491998858,4.38230308580281,1.17431288661406e-05,5.951631220794e-05,"YJL060W",853386,"GO:0034276","P47039"
"YJR014W",2818.72203373318,0.40552752895906,0.13582677934973,2.98562279765831,0.00283001487487336,0.00814313957544205,"YJR014W",853471,"GO:0070992","P47089"
"YJR025C",4373.07256163838,1.64499740045313,0.204926290141338,8.02726384847239,9.96705758074168e-16,1.20143450838129e-14,"YJR025C",853482,"GO:0000334","P47096"
"YJR148W",4918.74575901212,1.73371862247347,0.111165420511751,15.5958445935101,7.7689114578723e-55,3.46493451021105e-53,"YJR148W",853613,"GO:0003824","P47176"
"YNL096C",24744.439386344,-0.293766114012634,0.146766294209039,-2.00159113913596,0.045328722779733,0.0863957707682091,"YNL096C",855628,"GO:0030686","P48164"
"YDL182W",6760.35620381178,1.23144990829878,0.152407534825061,8.07998049251493,6.47771345292936e-16,8.02516722224026e-15,"YDL182W",851346,"GO:0019752","P48570"
"YPR145W",7712.60336165769,1.48308643454876,0.0876049344593046,16.9292568244281,2.7381533275187e-64,1.52652048009168e-62,"YPR145W",856268,"GO:0004066","P49089"
"YGR124W",9100.35660871186,0.46051569499247,0.182628503905943,2.52159813579617,0.0116823084313423,0.027567775451739,"YGR124W",853025,"GO:0004066","P49090"
"YNL131W",3336.50491404565,-0.316641627614681,0.131408129458787,-2.40960455733439,0.0159698193879375,0.035260096272377,"YNL131W",855592,"GO:0045040","P49334"
"YML022W",5690.14948445394,-0.422218674149262,0.208004446419536,-2.02985407964628,0.0423713739657024,0.0814553137444106,"YML022W",854986,"GO:0006167","P49435"
"YGR180C",8745.4876481527,0.372933253102153,0.103885382358661,3.58985301526459,0.00033086447547925,0.00135381244095179,"YGR180C",853091,"GO:0004748","P49723"
"YML056C",2675.96341608189,-1.01162839666149,0.148790607362696,-6.79900710530417,1.05342622826048e-11,9.39656195608346e-11,"YML056C",854948,"GO:0003824","P50094"
"YNL067W",5149.03063674877,0.3352417894521,0.137066124939605,2.44583984262937,0.0144515180300861,0.0325524093000929,"YNL067W",855658,"GO:0005840","P51401"
"YDR500C",23778.3296696714,-0.579772892615288,0.253806245577932,-2.2843129462599,0.0223531455837198,0.0470259572185804,"YDR500C",852111,"GO:0000448","P51402"
"YLR153C",6142.57034977637,0.301711378219091,0.147514476776595,2.04530012790555,0.0408252781185317,0.0788228313457365,"YLR153C",850846,"GO:0006085","P52910"
"YGL202W",5849.42564418669,0.666377144469335,0.0884632787412865,7.53281083350047,4.9659529472057e-14,5.27336908203272e-13,"YGL202W",852672,"GO:0047536","P53090"
"YGL039W",3091.32425188717,0.466378418740358,0.157451832794488,2.96203867851506,0.00305609390598872,0.00868164256096159,"YGL039W",852844,"GO:0003824","P53183"
"YGL001C",1728.58351503632,0.524895753611314,0.156027269938822,3.3641282951187,0.000767858397440657,0.00259443064589798,"YGL001C",852883,"GO:0006694","P53199"
"YGR034W",29529.7807548212,-0.358846654979045,0.127972886694311,-2.80408346055537,0.00504598413054347,0.0135572826639903,"YGR034W",852922,"GO:0015934","P53221"
"YGR086C",6829.65817298316,-0.327207747119333,0.139621891222878,-2.34352753893738,0.0191023519751152,0.0409598508697181,"YGR086C",852977,"GO:0036286","P53252"
"YGR279C",3505.17727495251,-0.414349933388228,0.207976365619746,-1.99229336541925,0.0463388792259121,0.0879452771691779,"YGR279C",853196,"GO:0015926","P53334"
"YNL255C",2986.97209222521,0.948520563187264,0.172994918822831,5.48293886110418,4.18317618950443e-08,2.82681300078633e-07,"YNL255C",855466,"GO:0042788","P53849"
"YNL141W",1984.3481893333,-0.74734001348481,0.18754390011745,-3.984880409423,6.75141189753649e-05,0.000310425742917657,"YNL141W",855581,"GO:0009168","P53909"
"YNL134C",8863.99601465947,1.06826217685471,0.170121837741126,6.27939476224261,3.39893570363651e-10,2.70700950682479e-09,"YNL134C",855588,"GO:1901426","P53912"
"YMR039C",1131.62480566807,0.288297991733806,0.113949570589252,2.53004895273384,0.0114046613648716,0.0272004222926884,"YMR039C",855055,"GO:0075297","P54000"
"YPL061W",14503.4443055738,0.303232974305793,0.0884384339296739,3.42874653962013,0.000606375522731459,0.00218099583175992,"YPL061W",856044,"GO:0016620","P54115"
"YML070W",3698.77279489963,0.300817244848377,0.145396261486252,2.06894759035343,0.0385510050493608,0.0747554271826736,"YML070W",854932,"GO:0006071","P54838"
"YOR323C",5956.08354825554,0.478011115524771,0.19660307502708,2.4313511650768,0.015042627166082,0.0337136267139326,"YOR323C",854501,"GO:0004350","P54885"
"YFL039C",38723.6024456848,0.203056869805286,0.0913757386744078,2.22221864086728,0.0262685332938693,0.0537420451792006,"YFL039C",850504,"GO:0030050","P60010"
"YNL220W",5051.48921708369,0.632864068257363,0.125083061731813,5.05955050584121,4.20245957951347e-07,2.60319023953196e-06,"YNL220W",855501,"GO:0046686","P80210"
"YDL022W",5149.67280203867,0.453397425958874,0.133261801299568,3.40230599869839,0.00066819776510471,0.00232825158778672,"YDL022W",851539,"GO:0006973","Q00055"
"YER069W",3361.7634750503,1.55689578046096,0.164858967976464,9.4438039954443,3.59486118103951e-21,6.41323234697448e-20,"YER069W",856800,"GO:0003991","Q01217"
"YLL050C",7966.73685398553,1.03496668089114,0.376117375177944,2.75171196332391,0.00592846397125634,0.0158329037795229,"YLL050C",850676,"GO:0015629","Q03048"
"YHR179W",7099.79803174947,0.407365024066147,0.104867191689806,3.88458027245663,0.000102506821643851,0.000443864489836483,"YHR179W",856584,"GO:0003824","Q03558"
"YDR190C",6081.50754047316,1.179827262548,0.531746752378225,2.21877662114766,0.0265019252904975,0.0539719574409218,"YDR190C",851771,"GO:0043141","Q03940"
"YDR429C",2710.91478533985,-0.429353630357544,0.125778811883688,-3.41356086869846,0.000641198335885694,0.00226963855400809,"YDR429C",852039,"GO:0006415","Q04067"
"YDL125C",3844.99535172756,0.398921667243357,0.134590250451891,2.96397150539483,0.00303696407046448,0.00868164256096159,"YDL125C",851432,"GO:0003824","Q04344"
"YMR062C",2081.24503669884,1.98183384644114,0.126131150915305,15.7124852350861,1.24212882437516e-55,6.15543839634803e-54,"YMR062C",855084,"GO:0103045","Q04728"
"YMR226C",5471.74036033965,0.33454664438029,0.144343224223421,2.31771630556391,0.0204647442631305,0.0434632187683628,"YMR226C",855266,"GO:1901575","Q05016"
"YAR002C-A",4654.69932378418,-0.368136506617696,0.111209641466683,-3.31029308037097,0.00093198330885652,0.00303404785218984,"YAR002C-A",851264,"GO:0006621","Q05359"
"YDR341C",3692.83897855196,0.377574471208967,0.0873012848170482,4.32495892815582,1.52560283907391e-05,7.64515580030294e-05,"YDR341C",851942,"GO:0006418","Q05506"
"YLR179C",5576.89759050545,0.412756898041086,0.123206332560878,3.35012729834433,0.000807744294874384,0.00270867635724793,"YLR179C",850876,"GO:0005737","Q06252"
"YDL086W",2720.91246854826,0.543387695758603,0.164074787839625,3.31182933656898,0.000926880709134026,0.00303404785218984,"YDL086W",851472,"GO:0008806","Q07505"
"YDL124W",5272.76863808867,-0.305751157316724,0.15510586891063,-1.97124170390286,0.0486962358330736,0.0912542906787849,"YDL124W",851433,"GO:0051268","Q07551"
"YPR069C",8332.03716487015,-0.530810972340519,0.159555998128788,-3.32680048738792,0.000878492469182996,0.00290227882411568,"YPR069C",856182,"GO:0004766","Q12074"
"YDL131W",4799.42198446219,0.979470322032697,0.0952689522946972,10.2811073118856,8.57368438407015e-25,1.73811965240695e-23,"YDL131W",851425,"GO:0019752","Q12122"
"YDR381W",4768.40923888729,-0.430833644439223,0.105665666519944,-4.07732860283339,4.55560885399708e-05,0.000218473284826097,"YDR381W",851988,"GO:0000346","Q12159"
"YPL198W",8706.60227400013,0.680763148088848,0.239471971872802,2.84276753878505,0.00447236772951664,0.0123128148602742,"YPL198W",855903,"GO:0000463","Q12213"
"YOR285W",1074.51263417985,0.752554711008549,0.232974991573037,3.23019524940137,0.00123705706271542,0.00391296063809273,"YOR285W",854459,"GO:0004792","Q12305"
"YOR230W",6203.4610677515,0.738313925606043,0.0992072822650562,7.44213437511028,9.90713680324289e-14,1.02757744517357e-12,"YOR230W",854405,"GO:0010674","Q12363"
"YDR071C",6310.29507342443,0.346669644458067,0.167400066768781,2.07090505487612,0.03836766970016,0.0747248064902679,"YDR071C",851643,"GO:0004145","Q12447"
"YDR214W",1849.94108169789,-0.231575644622802,0.099814721647398,-2.32005500592245,0.0203379019159649,0.0434004988254563,"YDR214W",851800,"GO:0051087","Q12449"
"YLR197W",4429.0842800726,-0.292912041769252,0.130809988588593,-2.23921769988438,0.0251417547304962,0.051913067637969,"YLR197W",850894,"GO:0000451","Q12460"
"YOR310C",5048.02707143161,-0.30607859405452,0.098381263400882,-3.1111472192354,0.0018636200321723,0.00561604415100571,"YOR310C",854487,"GO:0017069","Q12499"
"YOL154W",26088.470411169,-3.63863231096376,0.240297149528447,-15.1422200309247,8.52853918992595e-52,3.45793498064271e-50,"YOL154W",854011,"GO:0005178","Q12512"
